player_id,first_name,last_name,email,phone,loyalty_tier,home_city,home_state,membership_date
1,Jessica,Garcia,jessica.garcia1@email.com,+1-588-376-4598,Gold,Orlando,FL,2024-09-22
2,Patricia,Davis,patricia.davis2@email.com,+1-523-510-5386,Bronze,New York,NY,2025-02-13
3,Marco,Lewis,marco.lewis3@email.com,+1-417-771-9179,Bronze,Atlanta,GA,2025-02-15
4,Min,Jones,min.jones4@email.com,+1-342-352-9830,Bronze,Denver,CO,2023-04-12
5,Yuki,Lewis,yuki.lewis5@email.com,+1-570-324-3266,Silver,Nashville,TN,2020-07-05
6,Patricia,Ramirez,patricia.ramirez6@email.com,+1-356-742-3621,Gold,Houston,TX,2022-05-14
7,Andrei,Williams,andrei.williams7@email.com,+1-590-710-8668,Silver,Nashville,TN,2025-06-11
8,Ling,Ramirez,ling.ramirez8@email.com,+1-896-838-2876,Gold,Miami,FL,2023-01-04
9,Sarah,Harris,sarah.harris9@email.com,+1-314-400-8123,Bronze,Atlanta,GA,2020-01-07
10,Thomas,Taylor,thomas.taylor10@email.com,+1-719-208-5889,Gold,Phoenix,AZ,2022-11-05
11,Andrei,Miller,andrei.miller11@email.com,+1-582-880-3646,Silver,Chicago,IL,2024-05-13
12,Priya,Robinson,priya.robinson12@email.com,+1-813-431-9005,Bronze,Miami,FL,2025-03-17
13,Ana,Lewis,ana.lewis13@email.com,+1-445-159-4946,Platinum,Seattle,WA,2025-04-23
14,Jennifer,Williams,jennifer.williams14@email.com,+1-270-878-9727,Gold,Fort Lauderdale,FL,2020-09-19
15,Ahmed,Moore,ahmed.moore15@email.com,+1-471-640-7932,Diamond,Phoenix,AZ,2025-03-17
16,Chen,Harris,chen.harris16@email.com,+1-930-419-7537,Diamond,San Diego,CA,2023-08-23
17,Ana,Anderson,ana.anderson17@email.com,+1-662-223-5061,Bronze,Las Vegas,NV,2021-11-23
18,Mary,Jackson,mary.jackson18@email.com,+1-435-702-4608,Bronze,San Francisco,CA,2023-12-20
19,Patricia,Davis,patricia.davis19@email.com,+1-232-980-6413,Bronze,Los Angeles,CA,2021-05-02
20,Sarah,Perez,sarah.perez20@email.com,+1-419-652-3167,Gold,Fort Lauderdale,FL,2024-12-12
21,Marco,Jackson,marco.jackson21@email.com,+1-448-903-8749,Gold,Fort Lauderdale,FL,2021-01-24
22,Michael,Brown,michael.brown22@email.com,+1-562-533-7735,Silver,Tampa,FL,2024-02-02
23,Patricia,Perez,patricia.perez23@email.com,+1-262-512-6559,Gold,Houston,TX,2020-08-11
24,Jessica,Miller,jessica.miller24@email.com,+1-749-559-3296,Silver,San Diego,CA,2021-07-24
25,Min,Davis,min.davis25@email.com,+1-653-927-2604,Bronze,Los Angeles,CA,2023-01-12
26,James,Williams,james.williams26@email.com,+1-370-516-8956,Silver,Dallas,TX,2024-11-05
27,Rosa,Lewis,rosa.lewis27@email.com,+1-368-488-1035,Diamond,New York,NY,2021-06-27
28,Min,Martinez,min.martinez28@email.com,+1-913-848-8973,Bronze,Tampa,FL,2021-08-30
29,Susan,Johnson,susan.johnson29@email.com,+1-262-865-6138,Bronze,San Francisco,CA,2023-04-11
30,Ahmed,Taylor,ahmed.taylor30@email.com,+1-361-158-9320,Bronze,Las Vegas,NV,2021-01-15
31,Robert,Martin,robert.martin31@email.com,+1-891-982-4853,Silver,Los Angeles,CA,2025-04-12
32,Marco,Davis,marco.davis32@email.com,+1-834-183-7868,Gold,New York,NY,2023-03-03
33,Priya,Hernandez,priya.hernandez33@email.com,+1-409-785-6147,Bronze,Denver,CO,2022-03-21
34,David,Perez,david.perez34@email.com,+1-668-423-2188,Bronze,Seattle,WA,2023-06-26
35,Marco,Brown,marco.brown35@email.com,+1-750-318-9288,Bronze,Los Angeles,CA,2025-03-26
36,Luis,Lewis,luis.lewis36@email.com,+1-450-478-5669,Bronze,Los Angeles,CA,2024-09-03
37,Chen,Thompson,chen.thompson37@email.com,+1-826-926-9666,Bronze,Seattle,WA,2024-07-31
38,Ling,Martinez,ling.martinez38@email.com,+1-337-370-2891,Platinum,Houston,TX,2024-02-29
39,Ling,Jones,ling.jones39@email.com,+1-488-719-4450,Gold,Denver,CO,2021-02-20
40,Thomas,Taylor,thomas.taylor40@email.com,+1-457-966-1832,Bronze,Fort Lauderdale,FL,2022-05-17
41,Sarah,Johnson,sarah.johnson41@email.com,+1-541-889-3143,Silver,Miami,FL,2021-06-20
42,William,White,william.white42@email.com,+1-764-822-8007,Silver,Orlando,FL,2020-08-17
43,Robert,Lewis,robert.lewis43@email.com,+1-758-136-7049,Silver,Chicago,IL,2020-10-30
44,Yuki,Jones,yuki.jones44@email.com,+1-515-473-1653,Platinum,New York,NY,2021-03-06
45,Jessica,Perez,jessica.perez45@email.com,+1-562-898-7658,Diamond,Houston,TX,2024-03-14
46,Elizabeth,Robinson,elizabeth.robinson46@email.com,+1-366-919-3900,Platinum,Dallas,TX,2020-02-20
47,Barbara,White,barbara.white47@email.com,+1-621-921-5065,Bronze,Atlanta,GA,2024-05-31
48,Michael,Gonzalez,michael.gonzalez48@email.com,+1-681-327-4269,Gold,New York,NY,2022-07-31
49,Luis,Martinez,luis.martinez49@email.com,+1-428-124-4164,Bronze,Dallas,TX,2021-07-24
50,Robert,Harris,robert.harris50@email.com,+1-559-756-9346,Bronze,Denver,CO,2024-09-23
51,Chen,Hernandez,chen.hernandez51@email.com,+1-318-998-5279,Bronze,Miami,FL,2025-05-25
52,Thomas,Johnson,thomas.johnson52@email.com,+1-810-544-6663,Gold,Houston,TX,2021-10-04
53,Yuki,Martin,yuki.martin53@email.com,+1-318-494-4114,Bronze,Las Vegas,NV,2023-12-22
54,Yuki,Smith,yuki.smith54@email.com,+1-751-803-4228,Bronze,Las Vegas,NV,2020-05-23
55,Maria,Martin,maria.martin55@email.com,+1-879-968-3041,Gold,Atlanta,GA,2021-09-07
56,Raj,Martinez,raj.martinez56@email.com,+1-534-512-5844,Silver,Tampa,FL,2021-01-27
57,Hiroshi,Perez,hiroshi.perez57@email.com,+1-893-866-3851,Silver,Nashville,TN,2021-09-08
58,Rosa,Moore,rosa.moore58@email.com,+1-511-393-4443,Silver,Miami,FL,2023-04-02
59,Andrei,Lee,andrei.lee59@email.com,+1-676-552-8244,Gold,Atlanta,GA,2022-11-12
60,Ahmed,Sanchez,ahmed.sanchez60@email.com,+1-874-186-5649,Silver,Phoenix,AZ,2023-07-20
61,Olga,Hernandez,olga.hernandez61@email.com,+1-969-340-6085,Bronze,Los Angeles,CA,2021-02-11
62,Elizabeth,Smith,elizabeth.smith62@email.com,+1-450-586-2193,Silver,New York,NY,2024-12-19
63,Marco,Miller,marco.miller63@email.com,+1-706-509-4997,Bronze,Nashville,TN,2023-11-09
64,James,Lewis,james.lewis64@email.com,+1-997-535-4585,Bronze,Houston,TX,2025-05-15
65,Priya,Anderson,priya.anderson65@email.com,+1-770-355-2988,Silver,New York,NY,2024-06-29
66,Min,Perez,min.perez66@email.com,+1-772-709-6198,Diamond,Las Vegas,NV,2024-12-30
67,Wei,Martin,wei.martin67@email.com,+1-636-950-9976,Silver,Las Vegas,NV,2020-11-21
68,Ahmed,Anderson,ahmed.anderson68@email.com,+1-969-353-5543,Gold,Denver,CO,2022-12-03
69,Fatima,Lee,fatima.lee69@email.com,+1-481-550-2269,Gold,Dallas,TX,2021-04-25
70,Sarah,Hernandez,sarah.hernandez70@email.com,+1-753-182-3267,Bronze,Atlanta,GA,2022-02-23
71,Elizabeth,Thompson,elizabeth.thompson71@email.com,+1-265-524-7678,Bronze,San Diego,CA,2022-08-12
72,Hiroshi,Johnson,hiroshi.johnson72@email.com,+1-630-498-1320,Platinum,San Diego,CA,2024-04-16
73,Marco,Gonzalez,marco.gonzalez73@email.com,+1-206-460-5892,Gold,Fort Lauderdale,FL,2024-10-13
74,Hiroshi,Moore,hiroshi.moore74@email.com,+1-817-325-8999,Bronze,San Francisco,CA,2022-06-11
75,Fatima,Smith,fatima.smith75@email.com,+1-544-784-7624,Gold,Nashville,TN,2024-09-17
76,Min,Robinson,min.robinson76@email.com,+1-837-646-1441,Platinum,Chicago,IL,2023-04-27
77,Marco,Perez,marco.perez77@email.com,+1-285-758-8022,Bronze,Miami,FL,2022-08-03
78,Barbara,Johnson,barbara.johnson78@email.com,+1-588-435-4467,Silver,Denver,CO,2021-11-22
79,Pedro,Rodriguez,pedro.rodriguez79@email.com,+1-458-954-2341,Silver,Tampa,FL,2024-03-14
80,Chen,Johnson,chen.johnson80@email.com,+1-429-765-2124,Gold,Boston,MA,2023-08-27
81,John,Harris,john.harris81@email.com,+1-453-304-1333,Silver,Miami,FL,2021-05-03
82,David,Thomas,david.thomas82@email.com,+1-777-323-8619,Gold,Houston,TX,2024-04-19
83,Ana,Garcia,ana.garcia83@email.com,+1-996-938-3683,Diamond,Houston,TX,2020-08-09
84,Sofia,Smith,sofia.smith84@email.com,+1-789-793-7149,Bronze,Seattle,WA,2024-01-04
85,Richard,Williams,richard.williams85@email.com,+1-304-813-5941,Platinum,Dallas,TX,2023-05-14
86,Linda,Sanchez,linda.sanchez86@email.com,+1-555-645-8018,Gold,New York,NY,2020-05-21
87,Raj,Lee,raj.lee87@email.com,+1-212-969-7882,Gold,Atlanta,GA,2020-08-04
88,Yuki,Lopez,yuki.lopez88@email.com,+1-924-256-8135,Bronze,Orlando,FL,2022-12-04
89,Sarah,Martin,sarah.martin89@email.com,+1-993-595-8616,Silver,San Francisco,CA,2024-02-06
90,Sofia,Rodriguez,sofia.rodriguez90@email.com,+1-451-950-2419,Bronze,Atlanta,GA,2022-07-12
91,Jessica,Harris,jessica.harris91@email.com,+1-783-724-7209,Bronze,Orlando,FL,2022-10-09
92,Carlos,Garcia,carlos.garcia92@email.com,+1-417-463-5232,Bronze,Fort Lauderdale,FL,2024-12-07
93,Andrei,Thompson,andrei.thompson93@email.com,+1-769-110-9464,Platinum,Denver,CO,2020-06-24
94,Jessica,White,jessica.white94@email.com,+1-700-668-4937,Gold,Tampa,FL,2023-08-15
95,Fatima,Anderson,fatima.anderson95@email.com,+1-295-401-4630,Silver,Miami,FL,2021-05-13
96,Karen,Perez,karen.perez96@email.com,+1-684-666-9698,Bronze,Boston,MA,2024-03-07
97,Ling,Hernandez,ling.hernandez97@email.com,+1-919-564-5438,Bronze,Boston,MA,2021-04-17
98,Linda,White,linda.white98@email.com,+1-523-222-9779,Diamond,San Diego,CA,2023-11-14
99,Barbara,Miller,barbara.miller99@email.com,+1-956-595-5530,Gold,San Diego,CA,2025-06-23
100,Priya,Martin,priya.martin100@email.com,+1-302-952-4180,Bronze,Seattle,WA,2022-01-09
101,Barbara,Martinez,barbara.martinez101@email.com,+1-925-646-3073,Bronze,Miami,FL,2025-06-18
102,Patricia,Moore,patricia.moore102@email.com,+1-914-229-9042,Bronze,Seattle,WA,2020-01-26
103,Marco,Martinez,marco.martinez103@email.com,+1-690-551-6582,Bronze,Fort Lauderdale,FL,2020-04-15
104,Thomas,Ramirez,thomas.ramirez104@email.com,+1-316-941-2070,Silver,Fort Lauderdale,FL,2020-05-31
105,Marco,Lee,marco.lee105@email.com,+1-355-252-5978,Bronze,New York,NY,2021-05-23
106,Linda,Moore,linda.moore106@email.com,+1-820-710-4697,Gold,Tampa,FL,2022-02-18
107,Wei,Robinson,wei.robinson107@email.com,+1-504-980-8025,Bronze,Orlando,FL,2023-06-25
108,Patricia,Martin,patricia.martin108@email.com,+1-981-312-4457,Bronze,Houston,TX,2020-06-15
109,William,Davis,william.davis109@email.com,+1-765-176-3564,Bronze,Phoenix,AZ,2022-07-11
110,Andrei,Thomas,andrei.thomas110@email.com,+1-233-337-5720,Gold,Seattle,WA,2023-12-10
111,Min,Williams,min.williams111@email.com,+1-470-906-4241,Silver,Dallas,TX,2023-01-20
112,Joseph,Lee,joseph.lee112@email.com,+1-472-946-3330,Bronze,Chicago,IL,2020-12-05
113,Karen,Martin,karen.martin113@email.com,+1-649-227-8679,Gold,Seattle,WA,2023-12-04
114,Rosa,Rodriguez,rosa.rodriguez114@email.com,+1-752-605-8172,Bronze,Las Vegas,NV,2020-03-22
115,Yuki,White,yuki.white115@email.com,+1-818-356-1423,Bronze,Atlanta,GA,2025-05-23
116,Marco,Jackson,marco.jackson116@email.com,+1-983-788-5415,Silver,Miami,FL,2024-04-11
117,Barbara,Thomas,barbara.thomas117@email.com,+1-867-552-5557,Bronze,Las Vegas,NV,2023-04-13
118,Yuki,Lee,yuki.lee118@email.com,+1-293-581-6700,Silver,Fort Lauderdale,FL,2021-10-19
119,Michael,Ramirez,michael.ramirez119@email.com,+1-537-521-9117,Bronze,Phoenix,AZ,2025-04-19
120,Rosa,Clark,rosa.clark120@email.com,+1-237-565-2442,Bronze,San Francisco,CA,2021-10-24
121,Linda,Harris,linda.harris121@email.com,+1-726-944-1018,Gold,Nashville,TN,2023-01-16
122,Min,Wilson,min.wilson122@email.com,+1-392-630-6927,Silver,New York,NY,2022-10-17
123,Wei,Harris,wei.harris123@email.com,+1-408-373-9998,Bronze,New York,NY,2021-08-12
124,Wei,Lewis,wei.lewis124@email.com,+1-324-129-4920,Gold,Fort Lauderdale,FL,2021-09-28
125,Ling,Smith,ling.smith125@email.com,+1-617-195-4681,Diamond,San Francisco,CA,2025-02-12
126,Linda,Anderson,linda.anderson126@email.com,+1-863-952-3522,Silver,Houston,TX,2024-01-07
127,Christopher,Taylor,christopher.taylor127@email.com,+1-625-954-8905,Diamond,Denver,CO,2021-05-14
128,Min,Moore,min.moore128@email.com,+1-592-295-9327,Gold,Chicago,IL,2020-10-06
129,Robert,Rodriguez,robert.rodriguez129@email.com,+1-548-906-9318,Bronze,Tampa,FL,2020-01-06
130,Christopher,White,christopher.white130@email.com,+1-801-693-9022,Platinum,Seattle,WA,2022-07-03
131,Chen,Thomas,chen.thomas131@email.com,+1-540-665-9903,Bronze,Boston,MA,2025-03-25
132,Carlos,Ramirez,carlos.ramirez132@email.com,+1-914-344-7274,Bronze,San Diego,CA,2024-05-07
133,Hiroshi,Johnson,hiroshi.johnson133@email.com,+1-962-584-7246,Bronze,Atlanta,GA,2023-09-21
134,Elizabeth,Thomas,elizabeth.thomas134@email.com,+1-329-614-6439,Platinum,New York,NY,2024-11-25
135,Wei,Brown,wei.brown135@email.com,+1-667-115-3361,Silver,Las Vegas,NV,2023-09-02
136,Elizabeth,Williams,elizabeth.williams136@email.com,+1-471-446-7512,Silver,Fort Lauderdale,FL,2024-10-10
137,Maria,Ramirez,maria.ramirez137@email.com,+1-589-424-8994,Platinum,San Francisco,CA,2020-03-14
138,Olga,Williams,olga.williams138@email.com,+1-846-800-5708,Diamond,Dallas,TX,2024-03-09
139,Jennifer,Wilson,jennifer.wilson139@email.com,+1-978-748-2646,Silver,Houston,TX,2023-11-22
140,Karen,Lewis,karen.lewis140@email.com,+1-247-432-1919,Bronze,Miami,FL,2022-02-06
141,Yuki,Jones,yuki.jones141@email.com,+1-743-521-3950,Bronze,Dallas,TX,2020-06-10
142,Olga,Ramirez,olga.ramirez142@email.com,+1-834-799-4945,Silver,Nashville,TN,2023-04-09
143,Elizabeth,Davis,elizabeth.davis143@email.com,+1-853-360-8529,Bronze,Orlando,FL,2020-01-20
144,Min,Lewis,min.lewis144@email.com,+1-893-659-3588,Bronze,Seattle,WA,2025-04-19
145,Luis,Jackson,luis.jackson145@email.com,+1-854-534-5097,Silver,Seattle,WA,2021-09-10
146,Richard,Gonzalez,richard.gonzalez146@email.com,+1-309-342-7248,Silver,Fort Lauderdale,FL,2023-03-23
147,Christopher,Thompson,christopher.thompson147@email.com,+1-222-949-7484,Bronze,Seattle,WA,2023-03-05
148,Patricia,Robinson,patricia.robinson148@email.com,+1-493-894-4770,Silver,Fort Lauderdale,FL,2021-12-22
149,Joseph,Lee,joseph.lee149@email.com,+1-835-356-3240,Silver,San Diego,CA,2025-01-24
150,John,Martinez,john.martinez150@email.com,+1-234-693-6977,Gold,Orlando,FL,2020-07-03
151,Christopher,Hernandez,christopher.hernandez151@email.com,+1-379-305-3165,Gold,Tampa,FL,2024-11-29
152,Ana,Taylor,ana.taylor152@email.com,+1-479-950-3695,Bronze,Las Vegas,NV,2024-08-15
153,Ahmed,Sanchez,ahmed.sanchez153@email.com,+1-964-991-6549,Gold,Seattle,WA,2022-08-17
154,Robert,Jones,robert.jones154@email.com,+1-892-841-7511,Diamond,Dallas,TX,2024-07-05
155,Ling,Lopez,ling.lopez155@email.com,+1-604-114-5332,Silver,Los Angeles,CA,2022-07-20
156,Ana,Perez,ana.perez156@email.com,+1-798-490-7086,Bronze,Denver,CO,2021-04-23
157,Ahmed,Smith,ahmed.smith157@email.com,+1-535-724-4626,Silver,San Francisco,CA,2023-07-25
158,Min,Robinson,min.robinson158@email.com,+1-864-518-2911,Bronze,Seattle,WA,2025-04-21
159,John,Martinez,john.martinez159@email.com,+1-318-199-4846,Platinum,Fort Lauderdale,FL,2020-10-04
160,Pedro,Anderson,pedro.anderson160@email.com,+1-886-860-9850,Silver,Boston,MA,2024-02-29
161,Elizabeth,Lewis,elizabeth.lewis161@email.com,+1-870-201-9017,Silver,Tampa,FL,2025-04-07
162,Sarah,Johnson,sarah.johnson162@email.com,+1-422-554-8285,Diamond,Boston,MA,2024-10-17
163,Ana,Brown,ana.brown163@email.com,+1-757-760-6876,Bronze,Boston,MA,2021-07-19
164,Richard,Brown,richard.brown164@email.com,+1-293-778-4475,Silver,Orlando,FL,2023-05-07
165,Mary,Johnson,mary.johnson165@email.com,+1-449-228-4362,Bronze,Atlanta,GA,2024-04-16
166,Ling,Miller,ling.miller166@email.com,+1-438-436-3417,Gold,San Diego,CA,2023-05-05
167,James,Rodriguez,james.rodriguez167@email.com,+1-333-653-5106,Gold,Chicago,IL,2020-08-13
168,Mary,Jones,mary.jones168@email.com,+1-566-908-4898,Silver,Miami,FL,2020-02-02
169,Barbara,Rodriguez,barbara.rodriguez169@email.com,+1-329-859-7897,Silver,New York,NY,2024-03-07
170,Robert,Thomas,robert.thomas170@email.com,+1-996-470-9408,Silver,Orlando,FL,2022-07-14
171,Raj,Davis,raj.davis171@email.com,+1-944-902-9543,Bronze,New York,NY,2023-08-10
172,Mary,Johnson,mary.johnson172@email.com,+1-611-536-2768,Silver,Fort Lauderdale,FL,2025-02-06
173,Wei,Williams,wei.williams173@email.com,+1-529-722-3430,Bronze,Los Angeles,CA,2021-07-17
174,Olga,Lee,olga.lee174@email.com,+1-929-432-7240,Diamond,San Francisco,CA,2022-12-22
175,Christopher,Anderson,christopher.anderson175@email.com,+1-819-540-2624,Gold,Las Vegas,NV,2020-08-22
176,Ling,White,ling.white176@email.com,+1-640-562-4743,Silver,San Diego,CA,2024-08-21
177,Min,Gonzalez,min.gonzalez177@email.com,+1-947-197-6120,Silver,Tampa,FL,2023-09-24
178,Thomas,Lopez,thomas.lopez178@email.com,+1-903-585-2099,Bronze,Chicago,IL,2020-06-23
179,Jennifer,Wilson,jennifer.wilson179@email.com,+1-962-856-7105,Gold,Houston,TX,2023-02-13
180,Patricia,Jackson,patricia.jackson180@email.com,+1-775-437-3002,Silver,San Francisco,CA,2024-11-24
181,Yuki,Ramirez,yuki.ramirez181@email.com,+1-494-714-6119,Bronze,New York,NY,2023-03-29
182,Raj,Miller,raj.miller182@email.com,+1-872-593-4674,Gold,Chicago,IL,2021-12-18
183,Ling,Lopez,ling.lopez183@email.com,+1-980-385-4705,Gold,Houston,TX,2024-09-26
184,Ling,Harris,ling.harris184@email.com,+1-226-723-5381,Bronze,San Francisco,CA,2021-07-13
185,Karen,Robinson,karen.robinson185@email.com,+1-559-106-3972,Platinum,Atlanta,GA,2023-03-05
186,Rosa,Williams,rosa.williams186@email.com,+1-958-748-1502,Bronze,Chicago,IL,2022-12-22
187,Susan,Gonzalez,susan.gonzalez187@email.com,+1-664-449-3578,Bronze,Tampa,FL,2024-01-17
188,Carlos,Harris,carlos.harris188@email.com,+1-253-259-3579,Gold,Los Angeles,CA,2020-04-11
189,Jennifer,Rodriguez,jennifer.rodriguez189@email.com,+1-877-534-8957,Silver,Orlando,FL,2022-04-28
190,Sarah,Miller,sarah.miller190@email.com,+1-316-453-8043,Bronze,Las Vegas,NV,2023-10-20
191,Sofia,Thomas,sofia.thomas191@email.com,+1-883-415-1744,Bronze,Las Vegas,NV,2023-05-12
192,Patricia,Smith,patricia.smith192@email.com,+1-508-316-3248,Gold,San Diego,CA,2021-08-15
193,Carlos,Brown,carlos.brown193@email.com,+1-709-864-8055,Bronze,Miami,FL,2022-02-17
194,Chen,Thompson,chen.thompson194@email.com,+1-712-672-6802,Bronze,Dallas,TX,2024-10-30
195,John,Wilson,john.wilson195@email.com,+1-670-179-6129,Silver,Miami,FL,2023-03-20
196,Rosa,Thompson,rosa.thompson196@email.com,+1-496-217-7636,Bronze,Tampa,FL,2021-10-27
197,William,Sanchez,william.sanchez197@email.com,+1-906-470-2443,Silver,Orlando,FL,2020-08-04
198,Jessica,Wilson,jessica.wilson198@email.com,+1-736-180-7484,Platinum,Nashville,TN,2024-03-07
199,Maria,Davis,maria.davis199@email.com,+1-997-272-2251,Silver,Atlanta,GA,2020-08-21
200,Priya,Taylor,priya.taylor200@email.com,+1-994-457-6752,Gold,San Diego,CA,2024-08-04
201,Elizabeth,Davis,elizabeth.davis201@email.com,+1-349-362-4232,Bronze,Houston,TX,2020-11-09
202,Robert,Garcia,robert.garcia202@email.com,+1-675-872-8354,Gold,Fort Lauderdale,FL,2024-12-11
203,Marco,Lee,marco.lee203@email.com,+1-842-423-3473,Silver,Atlanta,GA,2022-08-18
204,Wei,Lee,wei.lee204@email.com,+1-481-705-1920,Bronze,Seattle,WA,2020-05-31
205,Karen,Anderson,karen.anderson205@email.com,+1-238-158-7041,Gold,Orlando,FL,2020-06-06
206,Jennifer,Martin,jennifer.martin206@email.com,+1-593-573-1672,Silver,Las Vegas,NV,2024-07-16
207,Marco,Lee,marco.lee207@email.com,+1-529-719-8792,Silver,San Diego,CA,2025-05-15
208,Patricia,Anderson,patricia.anderson208@email.com,+1-551-831-2381,Silver,Houston,TX,2020-12-19
209,John,Davis,john.davis209@email.com,+1-649-636-9564,Silver,Orlando,FL,2022-01-15
210,Ana,Robinson,ana.robinson210@email.com,+1-596-518-6543,Gold,Seattle,WA,2020-04-17
211,Maria,Williams,maria.williams211@email.com,+1-296-671-7333,Bronze,Atlanta,GA,2024-01-22
212,Andrei,Ramirez,andrei.ramirez212@email.com,+1-541-183-3317,Platinum,Chicago,IL,2021-09-27
213,Rosa,Jones,rosa.jones213@email.com,+1-517-672-7171,Silver,Los Angeles,CA,2021-11-03
214,David,Perez,david.perez214@email.com,+1-295-761-7937,Silver,Las Vegas,NV,2020-02-07
215,Ana,Martinez,ana.martinez215@email.com,+1-419-449-8967,Bronze,Phoenix,AZ,2020-10-08
216,Elizabeth,Williams,elizabeth.williams216@email.com,+1-303-619-9843,Gold,Seattle,WA,2024-12-14
217,Priya,Johnson,priya.johnson217@email.com,+1-984-732-3147,Silver,Atlanta,GA,2020-11-11
218,William,Garcia,william.garcia218@email.com,+1-938-548-1715,Silver,Phoenix,AZ,2023-10-17
219,Jessica,Anderson,jessica.anderson219@email.com,+1-970-866-8355,Bronze,Seattle,WA,2021-05-04
220,Karen,Sanchez,karen.sanchez220@email.com,+1-398-476-8218,Silver,Fort Lauderdale,FL,2021-07-31
221,Pedro,Taylor,pedro.taylor221@email.com,+1-628-265-4271,Gold,Las Vegas,NV,2020-10-10
222,Thomas,Johnson,thomas.johnson222@email.com,+1-580-667-2680,Gold,Fort Lauderdale,FL,2022-11-22
223,Linda,Martinez,linda.martinez223@email.com,+1-981-264-5469,Silver,Los Angeles,CA,2022-11-17
224,Elizabeth,Clark,elizabeth.clark224@email.com,+1-293-327-8391,Platinum,Tampa,FL,2025-03-20
225,Mary,Wilson,mary.wilson225@email.com,+1-605-614-7126,Bronze,New York,NY,2020-06-16
226,Ana,Davis,ana.davis226@email.com,+1-526-201-6493,Gold,Miami,FL,2020-10-08
227,John,Martinez,john.martinez227@email.com,+1-912-951-3273,Gold,Fort Lauderdale,FL,2022-08-18
228,Wei,Martin,wei.martin228@email.com,+1-281-119-5193,Bronze,Miami,FL,2020-11-02
229,Ling,White,ling.white229@email.com,+1-633-213-5720,Bronze,Las Vegas,NV,2020-09-06
230,Patricia,Davis,patricia.davis230@email.com,+1-854-912-8489,Bronze,Tampa,FL,2024-09-09
231,Fatima,Martin,fatima.martin231@email.com,+1-216-747-9443,Silver,San Francisco,CA,2024-01-11
232,Elizabeth,Martinez,elizabeth.martinez232@email.com,+1-201-729-6780,Bronze,Tampa,FL,2022-05-03
233,Barbara,Perez,barbara.perez233@email.com,+1-736-469-2108,Diamond,Los Angeles,CA,2023-01-19
234,Raj,Sanchez,raj.sanchez234@email.com,+1-767-120-7397,Platinum,Las Vegas,NV,2020-03-30
235,Pedro,Lopez,pedro.lopez235@email.com,+1-965-116-6850,Gold,Denver,CO,2021-12-07
236,Jessica,White,jessica.white236@email.com,+1-990-695-6447,Bronze,Houston,TX,2021-12-22
237,Chen,Hernandez,chen.hernandez237@email.com,+1-997-801-8612,Diamond,Phoenix,AZ,2022-09-07
238,Barbara,Sanchez,barbara.sanchez238@email.com,+1-264-833-8498,Bronze,Chicago,IL,2021-02-16
239,John,Sanchez,john.sanchez239@email.com,+1-242-423-6080,Silver,San Diego,CA,2024-07-27
240,Chen,Thomas,chen.thomas240@email.com,+1-237-871-4131,Bronze,Denver,CO,2024-10-31
241,Patricia,Ramirez,patricia.ramirez241@email.com,+1-479-227-7029,Silver,Atlanta,GA,2022-03-30
242,Wei,Lewis,wei.lewis242@email.com,+1-547-291-9129,Gold,Nashville,TN,2022-01-22
243,Priya,Rodriguez,priya.rodriguez243@email.com,+1-944-534-2293,Silver,Los Angeles,CA,2024-08-11
244,Barbara,Moore,barbara.moore244@email.com,+1-528-205-2311,Bronze,Seattle,WA,2021-08-28
245,Karen,Anderson,karen.anderson245@email.com,+1-370-806-8272,Bronze,Tampa,FL,2020-03-27
246,Luis,Martin,luis.martin246@email.com,+1-481-754-1939,Bronze,Tampa,FL,2023-07-29
247,Rosa,Lopez,rosa.lopez247@email.com,+1-967-795-3621,Diamond,Las Vegas,NV,2020-10-19
248,Andrei,Perez,andrei.perez248@email.com,+1-235-229-2101,Bronze,Orlando,FL,2023-08-14
249,Ana,Lopez,ana.lopez249@email.com,+1-780-133-3513,Gold,Nashville,TN,2025-04-27
250,Ana,Lopez,ana.lopez250@email.com,+1-981-178-3255,Silver,Orlando,FL,2022-03-26
251,Carlos,Lee,carlos.lee251@email.com,+1-455-216-1424,Gold,Denver,CO,2022-10-19
252,Priya,Gonzalez,priya.gonzalez252@email.com,+1-320-368-5264,Gold,San Francisco,CA,2021-03-15
253,Olga,Martinez,olga.martinez253@email.com,+1-404-225-3223,Platinum,Fort Lauderdale,FL,2022-07-14
254,Barbara,Lewis,barbara.lewis254@email.com,+1-289-929-6236,Gold,Orlando,FL,2023-12-24
255,Robert,Moore,robert.moore255@email.com,+1-497-407-3580,Gold,San Francisco,CA,2025-03-14
256,Barbara,Sanchez,barbara.sanchez256@email.com,+1-720-329-2988,Diamond,Boston,MA,2024-06-10
257,David,Davis,david.davis257@email.com,+1-226-469-7044,Silver,Fort Lauderdale,FL,2023-02-03
258,David,Martin,david.martin258@email.com,+1-267-416-7523,Diamond,Los Angeles,CA,2024-01-12
259,Ahmed,Taylor,ahmed.taylor259@email.com,+1-987-519-2208,Bronze,Tampa,FL,2021-10-11
260,Robert,Anderson,robert.anderson260@email.com,+1-896-629-6644,Bronze,Orlando,FL,2024-08-24
261,Ling,Lee,ling.lee261@email.com,+1-986-232-8088,Silver,Phoenix,AZ,2024-11-13
262,Patricia,Clark,patricia.clark262@email.com,+1-730-256-5982,Bronze,Houston,TX,2021-10-22
263,Joseph,Lopez,joseph.lopez263@email.com,+1-490-966-2292,Bronze,Las Vegas,NV,2023-07-24
264,Ling,Rodriguez,ling.rodriguez264@email.com,+1-840-410-9740,Bronze,Chicago,IL,2023-08-05
265,William,Jackson,william.jackson265@email.com,+1-375-774-6531,Gold,Chicago,IL,2023-02-28
266,John,Clark,john.clark266@email.com,+1-283-146-5336,Gold,Miami,FL,2024-04-19
267,Marco,Wilson,marco.wilson267@email.com,+1-709-742-9938,Bronze,Miami,FL,2025-05-13
268,Karen,Thomas,karen.thomas268@email.com,+1-901-515-5873,Silver,Dallas,TX,2023-11-11
269,Patricia,Garcia,patricia.garcia269@email.com,+1-625-595-8609,Bronze,Orlando,FL,2023-05-27
270,Elizabeth,Hernandez,elizabeth.hernandez270@email.com,+1-951-981-6658,Diamond,Atlanta,GA,2020-09-24
271,Ana,Taylor,ana.taylor271@email.com,+1-308-426-4960,Silver,San Francisco,CA,2021-07-01
272,Wei,Davis,wei.davis272@email.com,+1-299-151-5754,Platinum,Chicago,IL,2024-11-04
273,Olga,Wilson,olga.wilson273@email.com,+1-363-933-6364,Platinum,Dallas,TX,2024-01-16
274,Carlos,Miller,carlos.miller274@email.com,+1-710-627-8648,Silver,Phoenix,AZ,2021-09-23
275,Fatima,Smith,fatima.smith275@email.com,+1-602-617-8491,Diamond,Los Angeles,CA,2021-03-16
276,Sofia,Lopez,sofia.lopez276@email.com,+1-251-388-9108,Silver,New York,NY,2024-09-22
277,Ahmed,Martinez,ahmed.martinez277@email.com,+1-208-967-2761,Silver,San Francisco,CA,2024-12-12
278,Thomas,White,thomas.white278@email.com,+1-982-512-6995,Bronze,Boston,MA,2020-04-14
279,Marco,Moore,marco.moore279@email.com,+1-571-666-5728,Bronze,San Diego,CA,2022-10-29
280,Wei,Harris,wei.harris280@email.com,+1-486-945-2946,Bronze,San Francisco,CA,2020-07-17
281,Rosa,Lopez,rosa.lopez281@email.com,+1-771-474-3363,Bronze,Atlanta,GA,2022-11-08
282,Rosa,Taylor,rosa.taylor282@email.com,+1-246-139-3245,Gold,New York,NY,2024-07-04
283,Ahmed,Taylor,ahmed.taylor283@email.com,+1-352-720-9446,Bronze,Orlando,FL,2025-03-22
284,Olga,Hernandez,olga.hernandez284@email.com,+1-602-731-5902,Silver,Phoenix,AZ,2022-11-04
285,Raj,Moore,raj.moore285@email.com,+1-925-676-5911,Silver,Fort Lauderdale,FL,2020-02-04
286,Ana,Hernandez,ana.hernandez286@email.com,+1-626-697-6040,Gold,Houston,TX,2024-01-25
287,Mary,Martin,mary.martin287@email.com,+1-471-771-4728,Gold,Fort Lauderdale,FL,2023-04-10
288,Ahmed,Garcia,ahmed.garcia288@email.com,+1-844-838-7229,Bronze,Las Vegas,NV,2023-10-26
289,Jessica,Johnson,jessica.johnson289@email.com,+1-395-119-8225,Bronze,Houston,TX,2020-11-06
290,Hiroshi,Thompson,hiroshi.thompson290@email.com,+1-620-613-8726,Platinum,San Diego,CA,2024-02-15
291,Patricia,Thompson,patricia.thompson291@email.com,+1-731-312-6325,Diamond,Chicago,IL,2022-09-06
292,Priya,Gonzalez,priya.gonzalez292@email.com,+1-377-570-9734,Bronze,Atlanta,GA,2021-12-26
293,Thomas,Martin,thomas.martin293@email.com,+1-396-352-5571,Silver,Fort Lauderdale,FL,2021-04-05
294,Karen,Harris,karen.harris294@email.com,+1-921-312-9011,Bronze,Seattle,WA,2021-12-15
295,Ling,Robinson,ling.robinson295@email.com,+1-494-224-9899,Bronze,Denver,CO,2022-03-19
296,Luis,Harris,luis.harris296@email.com,+1-497-143-5712,Diamond,Chicago,IL,2020-06-10
297,Luis,Robinson,luis.robinson297@email.com,+1-871-362-8849,Bronze,Orlando,FL,2024-08-22
298,Chen,Rodriguez,chen.rodriguez298@email.com,+1-912-378-3249,Bronze,San Francisco,CA,2024-02-26
299,Sofia,Davis,sofia.davis299@email.com,+1-251-785-9700,Bronze,Dallas,TX,2021-04-21
300,Patricia,Brown,patricia.brown300@email.com,+1-538-834-8739,Bronze,Tampa,FL,2024-04-27
301,David,Smith,david.smith301@email.com,+1-361-516-8793,Silver,San Francisco,CA,2021-02-12
302,Christopher,Hernandez,christopher.hernandez302@email.com,+1-861-160-2465,Gold,Seattle,WA,2021-04-20
303,Chen,White,chen.white303@email.com,+1-379-527-3880,Platinum,New York,NY,2020-03-15
304,Rosa,Sanchez,rosa.sanchez304@email.com,+1-390-866-5742,Platinum,Fort Lauderdale,FL,2020-01-19
305,Karen,Jackson,karen.jackson305@email.com,+1-543-391-8444,Diamond,Houston,TX,2023-01-17
306,Priya,Thomas,priya.thomas306@email.com,+1-716-579-5470,Bronze,Chicago,IL,2020-08-18
307,Maria,Garcia,maria.garcia307@email.com,+1-863-363-4050,Bronze,Orlando,FL,2021-11-21
308,Christopher,Jackson,christopher.jackson308@email.com,+1-379-725-7643,Gold,San Diego,CA,2022-11-21
309,Carlos,Williams,carlos.williams309@email.com,+1-885-197-4027,Diamond,Nashville,TN,2022-09-04
310,Carlos,Robinson,carlos.robinson310@email.com,+1-206-367-7284,Bronze,Dallas,TX,2024-03-23
311,Sarah,Hernandez,sarah.hernandez311@email.com,+1-796-840-1187,Bronze,Seattle,WA,2022-01-06
312,Jessica,Johnson,jessica.johnson312@email.com,+1-676-414-3616,Silver,Houston,TX,2022-10-26
313,Karen,Thompson,karen.thompson313@email.com,+1-854-402-7021,Silver,Houston,TX,2021-03-24
314,David,Thomas,david.thomas314@email.com,+1-665-865-7121,Silver,Chicago,IL,2023-01-29
315,Ahmed,Harris,ahmed.harris315@email.com,+1-880-945-4578,Gold,San Francisco,CA,2023-10-25
316,Andrei,Ramirez,andrei.ramirez316@email.com,+1-738-557-9653,Gold,Los Angeles,CA,2020-06-08
317,Marco,Brown,marco.brown317@email.com,+1-760-617-4312,Silver,New York,NY,2020-11-02
318,William,Hernandez,william.hernandez318@email.com,+1-652-219-4365,Gold,Las Vegas,NV,2022-09-28
319,Jennifer,Lewis,jennifer.lewis319@email.com,+1-656-928-1911,Silver,Las Vegas,NV,2022-11-17
320,Hiroshi,Anderson,hiroshi.anderson320@email.com,+1-772-573-6049,Gold,New York,NY,2022-03-21
321,Thomas,Clark,thomas.clark321@email.com,+1-963-323-2196,Bronze,Miami,FL,2021-12-06
322,Robert,Moore,robert.moore322@email.com,+1-270-583-1519,Bronze,New York,NY,2021-01-03
323,David,Harris,david.harris323@email.com,+1-583-491-8348,Platinum,Tampa,FL,2025-01-31
324,Pedro,Gonzalez,pedro.gonzalez324@email.com,+1-899-777-9835,Bronze,Los Angeles,CA,2024-10-27
325,Luis,Brown,luis.brown325@email.com,+1-750-502-9664,Bronze,Phoenix,AZ,2021-04-01
326,James,Harris,james.harris326@email.com,+1-505-574-9920,Silver,Miami,FL,2022-02-15
327,Joseph,Davis,joseph.davis327@email.com,+1-554-258-5516,Bronze,Orlando,FL,2024-11-27
328,Linda,Johnson,linda.johnson328@email.com,+1-829-884-1256,Bronze,Tampa,FL,2020-05-17
329,Michael,Martin,michael.martin329@email.com,+1-657-712-1797,Bronze,New York,NY,2020-03-31
330,Rosa,Anderson,rosa.anderson330@email.com,+1-752-322-1924,Bronze,Dallas,TX,2021-08-15
331,Joseph,Clark,joseph.clark331@email.com,+1-791-712-6253,Bronze,Atlanta,GA,2024-11-29
332,Elizabeth,Perez,elizabeth.perez332@email.com,+1-426-523-5923,Bronze,Las Vegas,NV,2023-02-14
333,Sofia,Lewis,sofia.lewis333@email.com,+1-841-795-7999,Silver,Phoenix,AZ,2020-04-06
334,Luis,Lee,luis.lee334@email.com,+1-737-426-7821,Silver,Nashville,TN,2021-09-06
335,Pedro,Garcia,pedro.garcia335@email.com,+1-684-346-4692,Bronze,San Francisco,CA,2023-12-20
336,Elizabeth,Sanchez,elizabeth.sanchez336@email.com,+1-259-675-7761,Diamond,Orlando,FL,2023-02-15
337,Priya,Jones,priya.jones337@email.com,+1-448-361-4331,Bronze,Nashville,TN,2020-06-10
338,Wei,Ramirez,wei.ramirez338@email.com,+1-294-648-4120,Bronze,Boston,MA,2022-02-11
339,Andrei,Martin,andrei.martin339@email.com,+1-274-292-4555,Silver,New York,NY,2024-11-15
340,Maria,Martinez,maria.martinez340@email.com,+1-416-294-2922,Gold,Miami,FL,2024-03-24
341,Ahmed,Robinson,ahmed.robinson341@email.com,+1-912-718-4350,Bronze,Dallas,TX,2021-05-05
342,Ling,Hernandez,ling.hernandez342@email.com,+1-589-577-9743,Silver,Seattle,WA,2021-09-23
343,Thomas,Lopez,thomas.lopez343@email.com,+1-709-577-2615,Gold,Las Vegas,NV,2024-01-19
344,Ahmed,Harris,ahmed.harris344@email.com,+1-408-479-6126,Silver,Atlanta,GA,2023-02-26
345,Joseph,White,joseph.white345@email.com,+1-216-367-7841,Bronze,Chicago,IL,2021-02-05
346,Maria,Davis,maria.davis346@email.com,+1-783-953-5026,Silver,Nashville,TN,2023-09-02
347,Maria,Rodriguez,maria.rodriguez347@email.com,+1-940-757-9037,Silver,Fort Lauderdale,FL,2024-02-09
348,Luis,Garcia,luis.garcia348@email.com,+1-937-659-9000,Bronze,Chicago,IL,2024-12-26
349,Chen,Lee,chen.lee349@email.com,+1-736-134-2217,Platinum,New York,NY,2023-09-30
350,Patricia,Harris,patricia.harris350@email.com,+1-622-240-4791,Bronze,Miami,FL,2020-11-05
351,James,Miller,james.miller351@email.com,+1-666-482-1990,Silver,Las Vegas,NV,2023-09-27
352,Olga,Robinson,olga.robinson352@email.com,+1-875-599-1257,Bronze,Fort Lauderdale,FL,2023-02-03
353,Hiroshi,Smith,hiroshi.smith353@email.com,+1-742-839-5501,Silver,Miami,FL,2021-08-10
354,Mary,Taylor,mary.taylor354@email.com,+1-383-209-2578,Silver,Tampa,FL,2021-05-08
355,Richard,Martin,richard.martin355@email.com,+1-458-934-6807,Bronze,Las Vegas,NV,2022-03-23
356,Jennifer,Lopez,jennifer.lopez356@email.com,+1-670-678-4984,Diamond,Nashville,TN,2021-04-07
357,Karen,Perez,karen.perez357@email.com,+1-869-978-1519,Bronze,Los Angeles,CA,2022-02-15
358,Pedro,Moore,pedro.moore358@email.com,+1-257-752-1154,Gold,Fort Lauderdale,FL,2020-06-18
359,Fatima,Ramirez,fatima.ramirez359@email.com,+1-860-903-6427,Silver,Tampa,FL,2024-10-23
360,Michael,Lewis,michael.lewis360@email.com,+1-243-335-4463,Platinum,Las Vegas,NV,2023-11-18
361,Marco,Thomas,marco.thomas361@email.com,+1-247-176-5593,Platinum,Denver,CO,2023-02-28
362,John,Garcia,john.garcia362@email.com,+1-216-312-3362,Gold,Atlanta,GA,2023-12-30
363,Rosa,Robinson,rosa.robinson363@email.com,+1-506-266-4939,Silver,Los Angeles,CA,2024-10-05
364,Pedro,Perez,pedro.perez364@email.com,+1-539-493-3292,Gold,San Francisco,CA,2023-11-12
365,Jennifer,Taylor,jennifer.taylor365@email.com,+1-254-200-8161,Bronze,Boston,MA,2020-06-04
366,Maria,Martin,maria.martin366@email.com,+1-992-434-1485,Silver,Nashville,TN,2024-05-23
367,Wei,Thomas,wei.thomas367@email.com,+1-564-666-7150,Silver,Dallas,TX,2023-10-24
368,Sofia,Perez,sofia.perez368@email.com,+1-287-890-5839,Gold,Nashville,TN,2023-12-31
369,Robert,Williams,robert.williams369@email.com,+1-357-489-3527,Gold,Denver,CO,2021-10-10
370,Ana,Brown,ana.brown370@email.com,+1-205-415-8286,Bronze,Los Angeles,CA,2021-07-06
371,Michael,Jones,michael.jones371@email.com,+1-391-541-8353,Silver,Los Angeles,CA,2022-11-15
372,Hiroshi,Brown,hiroshi.brown372@email.com,+1-291-462-2524,Silver,Miami,FL,2024-05-25
373,Carlos,Ramirez,carlos.ramirez373@email.com,+1-212-398-7779,Bronze,Nashville,TN,2020-06-22
374,Ling,Lewis,ling.lewis374@email.com,+1-785-633-3778,Gold,Dallas,TX,2020-12-13
375,David,Rodriguez,david.rodriguez375@email.com,+1-474-604-3390,Bronze,Seattle,WA,2022-06-09
376,Sarah,Wilson,sarah.wilson376@email.com,+1-695-901-2260,Bronze,Seattle,WA,2025-04-17
377,Jessica,White,jessica.white377@email.com,+1-808-731-4203,Silver,Fort Lauderdale,FL,2020-10-04
378,Karen,Smith,karen.smith378@email.com,+1-540-961-7224,Gold,Nashville,TN,2021-11-05
379,Wei,Hernandez,wei.hernandez379@email.com,+1-866-708-3230,Bronze,Tampa,FL,2023-05-20
380,Richard,Thomas,richard.thomas380@email.com,+1-381-507-6228,Bronze,Atlanta,GA,2023-11-24
381,Fatima,Jackson,fatima.jackson381@email.com,+1-533-485-5592,Gold,Dallas,TX,2022-03-15
382,Ana,Brown,ana.brown382@email.com,+1-806-658-3947,Gold,San Diego,CA,2023-01-31
383,Mary,White,mary.white383@email.com,+1-925-314-8183,Gold,Orlando,FL,2024-08-29
384,Robert,Clark,robert.clark384@email.com,+1-889-611-3280,Silver,Tampa,FL,2021-05-10
385,Thomas,Perez,thomas.perez385@email.com,+1-932-533-7176,Bronze,Chicago,IL,2023-05-09
386,Ahmed,Jackson,ahmed.jackson386@email.com,+1-747-618-7853,Silver,Nashville,TN,2024-06-07
387,Ana,Thompson,ana.thompson387@email.com,+1-808-753-2392,Bronze,San Francisco,CA,2021-05-23
388,Luis,Garcia,luis.garcia388@email.com,+1-776-760-7547,Diamond,New York,NY,2021-11-10
389,Yuki,Brown,yuki.brown389@email.com,+1-300-364-4637,Silver,Miami,FL,2022-11-28
390,Ling,Jackson,ling.jackson390@email.com,+1-656-483-7408,Silver,Dallas,TX,2023-10-23
391,Sofia,Thompson,sofia.thompson391@email.com,+1-354-453-1402,Silver,Las Vegas,NV,2021-08-28
392,Hiroshi,Robinson,hiroshi.robinson392@email.com,+1-318-951-3321,Bronze,Los Angeles,CA,2021-12-03
393,Min,Sanchez,min.sanchez393@email.com,+1-733-594-6706,Silver,San Diego,CA,2022-06-16
394,Wei,Hernandez,wei.hernandez394@email.com,+1-507-145-2885,Bronze,Los Angeles,CA,2021-12-03
395,Michael,Perez,michael.perez395@email.com,+1-958-349-9454,Bronze,Phoenix,AZ,2020-11-23
396,Maria,Moore,maria.moore396@email.com,+1-673-337-7636,Silver,Tampa,FL,2021-01-16
397,Yuki,Gonzalez,yuki.gonzalez397@email.com,+1-955-728-4232,Silver,Miami,FL,2022-05-29
398,Pedro,Smith,pedro.smith398@email.com,+1-410-385-2025,Silver,San Diego,CA,2024-06-25
399,Chen,Garcia,chen.garcia399@email.com,+1-533-301-8496,Bronze,Boston,MA,2023-10-05
400,Fatima,Taylor,fatima.taylor400@email.com,+1-811-497-7431,Silver,Atlanta,GA,2021-12-13
401,Luis,Ramirez,luis.ramirez401@email.com,+1-832-276-5873,Platinum,Orlando,FL,2023-04-23
402,Jennifer,Perez,jennifer.perez402@email.com,+1-520-220-4908,Bronze,Chicago,IL,2021-01-09
403,Ana,Thompson,ana.thompson403@email.com,+1-723-497-7852,Silver,Chicago,IL,2023-03-23
404,Pedro,Wilson,pedro.wilson404@email.com,+1-698-750-9804,Gold,Phoenix,AZ,2023-08-14
405,Barbara,Moore,barbara.moore405@email.com,+1-701-395-3298,Bronze,Phoenix,AZ,2024-09-20
406,Wei,Martin,wei.martin406@email.com,+1-567-109-8939,Bronze,New York,NY,2024-07-27
407,Pedro,Moore,pedro.moore407@email.com,+1-868-606-7703,Gold,Las Vegas,NV,2022-05-01
408,Wei,Thomas,wei.thomas408@email.com,+1-284-678-1505,Gold,Phoenix,AZ,2021-03-27
409,Christopher,Johnson,christopher.johnson409@email.com,+1-430-650-5729,Bronze,Denver,CO,2022-07-25
410,Marco,White,marco.white410@email.com,+1-762-623-2854,Silver,Fort Lauderdale,FL,2021-07-02
411,Chen,Clark,chen.clark411@email.com,+1-755-942-1681,Gold,Boston,MA,2022-06-22
412,Chen,Miller,chen.miller412@email.com,+1-304-853-5055,Bronze,Tampa,FL,2020-03-07
413,Wei,Rodriguez,wei.rodriguez413@email.com,+1-289-549-2923,Gold,Boston,MA,2021-04-30
414,Susan,Sanchez,susan.sanchez414@email.com,+1-927-724-8015,Bronze,Boston,MA,2020-10-12
415,Susan,Clark,susan.clark415@email.com,+1-260-683-6747,Silver,San Diego,CA,2023-05-07
416,Chen,Garcia,chen.garcia416@email.com,+1-920-399-5740,Silver,Atlanta,GA,2025-05-04
417,Raj,Lewis,raj.lewis417@email.com,+1-338-868-7743,Platinum,Houston,TX,2021-07-21
418,David,Thompson,david.thompson418@email.com,+1-455-249-6277,Gold,Chicago,IL,2024-04-08
419,Rosa,Thomas,rosa.thomas419@email.com,+1-791-747-5402,Silver,Chicago,IL,2022-02-07
420,Wei,Williams,wei.williams420@email.com,+1-612-627-5558,Gold,Los Angeles,CA,2024-12-01
421,Ana,Anderson,ana.anderson421@email.com,+1-535-695-1040,Platinum,Fort Lauderdale,FL,2024-09-30
422,Jennifer,White,jennifer.white422@email.com,+1-850-780-6869,Platinum,Orlando,FL,2024-06-17
423,Chen,Gonzalez,chen.gonzalez423@email.com,+1-639-944-4470,Silver,San Diego,CA,2021-10-23
424,Christopher,Hernandez,christopher.hernandez424@email.com,+1-791-233-8951,Gold,San Francisco,CA,2025-01-05
425,Patricia,Johnson,patricia.johnson425@email.com,+1-841-902-8529,Bronze,Houston,TX,2025-03-18
426,William,Anderson,william.anderson426@email.com,+1-200-538-4314,Diamond,Orlando,FL,2025-02-05
427,David,Lewis,david.lewis427@email.com,+1-362-995-5489,Bronze,Seattle,WA,2022-01-08
428,Thomas,Williams,thomas.williams428@email.com,+1-880-764-3711,Bronze,Boston,MA,2023-07-05
429,Karen,White,karen.white429@email.com,+1-639-771-2494,Gold,Dallas,TX,2020-01-03
430,Susan,Thomas,susan.thomas430@email.com,+1-335-707-4705,Silver,Los Angeles,CA,2022-06-30
431,James,Smith,james.smith431@email.com,+1-323-980-7919,Gold,Atlanta,GA,2022-09-05
432,Robert,Davis,robert.davis432@email.com,+1-291-848-2678,Bronze,Nashville,TN,2022-01-22
433,Karen,Jones,karen.jones433@email.com,+1-992-932-3181,Silver,Nashville,TN,2023-10-18
434,Elizabeth,Williams,elizabeth.williams434@email.com,+1-776-108-3688,Silver,Las Vegas,NV,2024-01-19
435,Susan,Lee,susan.lee435@email.com,+1-621-730-8248,Platinum,Chicago,IL,2020-06-26
436,Michael,Jones,michael.jones436@email.com,+1-803-847-7291,Bronze,Houston,TX,2022-05-29
437,Carlos,Sanchez,carlos.sanchez437@email.com,+1-453-383-2380,Bronze,Chicago,IL,2023-05-15
438,Andrei,White,andrei.white438@email.com,+1-997-807-1439,Gold,Seattle,WA,2023-09-10
439,Karen,Miller,karen.miller439@email.com,+1-821-621-4090,Gold,Las Vegas,NV,2021-08-28
440,Patricia,Sanchez,patricia.sanchez440@email.com,+1-706-495-2847,Bronze,Dallas,TX,2023-07-30
441,Andrei,Williams,andrei.williams441@email.com,+1-212-469-6185,Bronze,Las Vegas,NV,2024-10-28
442,Marco,Wilson,marco.wilson442@email.com,+1-759-799-3830,Gold,Boston,MA,2025-05-08
443,Robert,Smith,robert.smith443@email.com,+1-214-368-4534,Bronze,Los Angeles,CA,2020-05-03
444,Rosa,Taylor,rosa.taylor444@email.com,+1-843-829-9209,Gold,Seattle,WA,2022-05-17
445,Rosa,Williams,rosa.williams445@email.com,+1-750-730-3501,Bronze,San Francisco,CA,2021-09-26
446,Jennifer,Taylor,jennifer.taylor446@email.com,+1-359-649-6353,Bronze,San Diego,CA,2023-07-23
447,Robert,Martinez,robert.martinez447@email.com,+1-947-966-4909,Bronze,Tampa,FL,2020-06-25
448,Yuki,Brown,yuki.brown448@email.com,+1-826-723-1901,Bronze,Orlando,FL,2024-02-27
449,Barbara,Brown,barbara.brown449@email.com,+1-924-240-1185,Bronze,Miami,FL,2025-05-05
450,Luis,Taylor,luis.taylor450@email.com,+1-938-365-3735,Bronze,Las Vegas,NV,2024-03-15
451,Sarah,White,sarah.white451@email.com,+1-989-130-6488,Gold,Houston,TX,2021-07-11
452,Priya,Williams,priya.williams452@email.com,+1-929-690-2262,Silver,Denver,CO,2022-11-12
453,Ana,Johnson,ana.johnson453@email.com,+1-780-270-7024,Bronze,Fort Lauderdale,FL,2024-05-02
454,Michael,Lewis,michael.lewis454@email.com,+1-433-858-9336,Bronze,Houston,TX,2024-10-24
455,James,Davis,james.davis455@email.com,+1-683-472-7274,Platinum,New York,NY,2021-01-01
456,John,Moore,john.moore456@email.com,+1-429-429-5067,Silver,Tampa,FL,2024-01-15
457,Carlos,Rodriguez,carlos.rodriguez457@email.com,+1-785-481-2956,Silver,Los Angeles,CA,2025-01-21
458,Patricia,Garcia,patricia.garcia458@email.com,+1-728-147-7568,Bronze,Dallas,TX,2022-08-10
459,Christopher,Harris,christopher.harris459@email.com,+1-535-188-8483,Bronze,Seattle,WA,2021-02-14
460,Christopher,Jackson,christopher.jackson460@email.com,+1-957-737-4974,Silver,Seattle,WA,2023-04-26
461,Fatima,Harris,fatima.harris461@email.com,+1-950-659-5016,Bronze,San Diego,CA,2025-03-24
462,Hiroshi,Smith,hiroshi.smith462@email.com,+1-754-454-1157,Diamond,Dallas,TX,2020-01-03
463,Pedro,Ramirez,pedro.ramirez463@email.com,+1-306-310-9680,Diamond,Seattle,WA,2022-05-09
464,Fatima,Johnson,fatima.johnson464@email.com,+1-928-386-2524,Bronze,Chicago,IL,2021-04-19
465,Priya,Wilson,priya.wilson465@email.com,+1-669-865-2391,Silver,Boston,MA,2022-11-01
466,David,Lee,david.lee466@email.com,+1-276-706-2020,Silver,Nashville,TN,2025-05-28
467,David,Davis,david.davis467@email.com,+1-467-971-6161,Platinum,Seattle,WA,2022-03-15
468,Carlos,Hernandez,carlos.hernandez468@email.com,+1-478-339-2223,Platinum,Orlando,FL,2020-10-05
469,Sofia,Brown,sofia.brown469@email.com,+1-308-268-8365,Silver,Chicago,IL,2022-04-12
470,Linda,Moore,linda.moore470@email.com,+1-988-312-8404,Bronze,Boston,MA,2021-06-26
471,Linda,Williams,linda.williams471@email.com,+1-902-411-1660,Bronze,Phoenix,AZ,2024-10-20
472,Carlos,Jones,carlos.jones472@email.com,+1-928-354-6828,Bronze,Los Angeles,CA,2020-04-10
473,Karen,Rodriguez,karen.rodriguez473@email.com,+1-231-514-8408,Silver,Phoenix,AZ,2023-01-31
474,Jessica,Brown,jessica.brown474@email.com,+1-304-923-3290,Bronze,Orlando,FL,2020-05-06
475,Joseph,Jones,joseph.jones475@email.com,+1-610-481-2376,Silver,San Diego,CA,2021-06-14
476,Robert,Smith,robert.smith476@email.com,+1-402-761-8265,Gold,Los Angeles,CA,2020-07-07
477,Maria,Brown,maria.brown477@email.com,+1-672-151-3752,Platinum,New York,NY,2022-06-06
478,Rosa,Thomas,rosa.thomas478@email.com,+1-591-799-7990,Bronze,Miami,FL,2021-03-15
479,Barbara,Rodriguez,barbara.rodriguez479@email.com,+1-656-252-1567,Silver,Denver,CO,2023-06-17
480,Jessica,Lee,jessica.lee480@email.com,+1-710-521-8848,Bronze,Seattle,WA,2021-07-26
481,Pedro,Jones,pedro.jones481@email.com,+1-404-758-9614,Bronze,Tampa,FL,2024-06-30
482,Chen,Sanchez,chen.sanchez482@email.com,+1-591-900-6883,Silver,Miami,FL,2024-05-19
483,Fatima,Lopez,fatima.lopez483@email.com,+1-529-497-5430,Bronze,Las Vegas,NV,2021-10-15
484,Andrei,Davis,andrei.davis484@email.com,+1-997-387-1959,Gold,Miami,FL,2022-08-24
485,Priya,Lopez,priya.lopez485@email.com,+1-363-202-5060,Gold,Dallas,TX,2021-06-29
486,Chen,Clark,chen.clark486@email.com,+1-982-324-7363,Bronze,New York,NY,2024-09-14
487,Barbara,Garcia,barbara.garcia487@email.com,+1-806-425-6878,Platinum,Dallas,TX,2020-02-27
488,Luis,Jackson,luis.jackson488@email.com,+1-776-292-9064,Silver,Chicago,IL,2020-12-25
489,Fatima,Johnson,fatima.johnson489@email.com,+1-257-338-4584,Bronze,Los Angeles,CA,2022-09-05
490,James,Hernandez,james.hernandez490@email.com,+1-333-448-3907,Platinum,San Diego,CA,2024-09-25
491,Carlos,Johnson,carlos.johnson491@email.com,+1-351-700-3320,Gold,Miami,FL,2024-09-29
492,Priya,Ramirez,priya.ramirez492@email.com,+1-274-482-7481,Silver,Boston,MA,2021-11-20
493,Karen,Hernandez,karen.hernandez493@email.com,+1-361-849-8157,Gold,Chicago,IL,2025-05-21
494,Fatima,Lee,fatima.lee494@email.com,+1-378-824-6846,Bronze,Atlanta,GA,2023-04-21
495,Barbara,Gonzalez,barbara.gonzalez495@email.com,+1-951-805-5825,Bronze,Seattle,WA,2024-02-01
496,James,Thompson,james.thompson496@email.com,+1-989-681-1530,Bronze,Nashville,TN,2021-10-13
497,Olga,Davis,olga.davis497@email.com,+1-708-244-6425,Gold,Houston,TX,2021-05-02
498,Luis,Hernandez,luis.hernandez498@email.com,+1-851-190-6500,Silver,Phoenix,AZ,2021-06-27
499,Susan,Davis,susan.davis499@email.com,+1-558-362-2770,Gold,Los Angeles,CA,2020-04-08
500,Pedro,Anderson,pedro.anderson500@email.com,+1-370-523-9078,Platinum,Tampa,FL,2021-12-20
